{"cameraMode":{"drawMode":0,"name":"Shaded","section":"Shading Mode"},"sceneLighting":true,"audioPlay":false,"sceneViewState":{"showFog":true,"showMaterialUpdate":false,"showSkybox":true,"showFlares":true,"showImageEffects":true,"showParticleSystems":true},"in2DMode":false,"pivot":{"x":4.484201431274414,"y":3.3028485774993898,"z":10.319029808044434},"rotation":{"x":-0.01635788194835186,"y":0.9824903011322022,"z":-0.10503259301185608,"w":-0.15301433205604554},"size":4.487649440765381,"orthographic":true}