{"cameraMode":{"drawMode":0,"name":"Shaded","section":"Shading Mode"},"sceneLighting":true,"audioPlay":false,"sceneViewState":{"showFog":true,"showMaterialUpdate":false,"showSkybox":true,"showFlares":true,"showImageEffects":true,"showParticleSystems":true},"in2DMode":false,"pivot":{"x":-0.176025390625,"y":0.325439453125,"z":-0.13037109375},"rotation":{"x":-0.01688212901353836,"y":0.9822360873222351,"z":-0.10947798192501068,"w":-0.15146596729755402},"size":5.362011909484863,"orthographic":true}