{"cameraMode":{"drawMode":0,"name":"Shaded","section":"Shading Mode"},"sceneLighting":true,"audioPlay":false,"sceneViewState":{"showFog":true,"showMaterialUpdate":false,"showSkybox":true,"showFlares":true,"showImageEffects":true,"showParticleSystems":true},"in2DMode":false,"pivot":{"x":198.15211486816407,"y":56.96629333496094,"z":-210.7701416015625},"rotation":{"x":-0.23062777519226075,"y":-0.02653307281434536,"z":0.006291428115218878,"w":-0.9726599454879761},"size":0.945234477519989,"orthographic":false}