{"cameraMode":{"drawMode":0,"name":"Shaded","section":"Shading Mode"},"sceneLighting":true,"audioPlay":false,"sceneViewState":{"showFog":true,"showMaterialUpdate":false,"showSkybox":true,"showFlares":true,"showImageEffects":true,"showParticleSystems":true},"in2DMode":false,"pivot":{"x":-0.22259235382080079,"y":-0.07302403450012207,"z":1.9414610862731934},"rotation":{"x":-0.151556134223938,"y":0.8380115032196045,"z":-0.2915511131286621,"w":-0.4356207549571991},"size":2.948923110961914,"orthographic":false}